{"modified":"2015-09-10T12:36:48.948897-07:00","name":"AlarmWorker","description":"The Biometrics Alarm Worker reads incoming alarm messages, logs them in the BiometricsDb database and fires off alerts to applications that subscribe to the biometrics alarm notification channel.","version":"1.0.0.0","lineitems":[{"key":"ModelName","val":"BiometricReading"},{"key":"Database","val":"BiometricsDb"},{"key":"Collection","val":"Biometrics"},{"key":"PublicAPI","val":""},{"key":"AdminAPI","val":""}],"id":"6b5e6cf5-9543-4c98-a3d9-43155acf7a22","cachettl":10}