{"modified":"2015-09-10T12:36:48.7001296-07:00","name":"ConfigM","description":"The ConfigM Microservice provides storage and retrieval of configuration manifests for Microservices","version":"1.0.0.0","lineitems":[{"key":"ModelName","val":"Manifest"},{"key":"Database","val":"ConfigM"},{"key":"Collection","val":"ManifestCollection"},{"key":"PublicAPI","val":"<ConfigM Public End Point>"},{"key":"AdminAPI","val":"<ConfigM Admin End Point>"}],"id":"fa30f905-f93f-4ee2-b919-298d44d334ab","cachettl":10}