{"modified":"2015-09-10T12:36:48.940898-07:00","name":"ProfileM","description":"The ProfileM Microservice provides user profiles containing address, social and preference settings","version":"1.0.0.0","lineitems":[{"key":"ModelName","val":"UserProfile"},{"key":"Database","val":"ProfileM"},{"key":"Collection","val":"ProfileCollection"},{"key":"PublicAPI","val":"<ProfileM Public End Point>"},{"key":"AdminAPI","val":"<ProfileM Admin End Point>"}],"id":"1c8ba5be-8d80-47bd-b09c-86f1bfd1cfe9","cachettl":10}